<?xml version="1.0" encoding="UTF-8"?>
<beans xmlns="http://www.springframework.org/schema/beans"
   xmlns:xsi="http://www.w3.org/2001/XMLSchema-instance"
   xmlns:context="http://www.springframework.org/schema/context" 
   xsi:schemaLocation="http://www.springframework.org/schema/beans http://www.springframework.org/schema/beans/spring-beans.xsd http://www.springframework.org/schema/context http://www.springframework.org/schema/context/spring-context.xsd">

<context:property-placeholder location="classpath:data/db.properties"/>

<!-- db.properties 파일의 db를 사용하겠다는 선언 -->
<bean id="dbcp" class="org.apache.commons.dbcp.BasicDataSource">
   <property name="driverClassName" value="${db.driver}"/>
   <property name="url" value="${db.url}"/>
   <property name="username" value="${db.username}"/>
   <property name="password" value="${db.password}"/>
</bean>

<!-- mybatis를 사용한다는 선언 -->
<bean id="factory" class="org.mybatis.spring.SqlSessionFactoryBean">
   <property name="dataSource" ref="dbcp"/>
   <property name="mapperLocations" value="classpath:sqlmap/*-mapper.xml"/>
</bean>


<bean class="org.mybatis.spring.SqlSessionTemplate">
   <constructor-arg name="sqlSessionFactory" ref="factory"/>
   <qualifier value="bteam"/>
</bean>

</beans>